   </Dictionary>
      <Words>
         <Unrecognized>
            <Word>knokker</Word>
         </Unrecognized>
         <Recognized>
            <Word></Word>
         </Recognized>
         <Deprecated>
            <Term PreferredAlternate=""></Term>
         </Deprecated>
         <Compound>
            <Term CompoundAlternate=""></Term>
         </Compound>
         <DiscreteExceptions>
            <Term></Term>
         </DiscreteExceptions>
      </Words>
      <Acronyms>
         <CasingExceptions>
            <Acronym></Acronym>
         </CasingExceptions>
      </Acronyms>
   </Dictionary>